bund_nr,team,datum,gruendigkeit,aktuellgrundwstand,scheinbgrundwstand,bodentyp,podsoligkeit,anmerkung,team_mbp,datum_mbp,team_mbc,datum_mbc,anmerkung_mbp,anmerkung_mbc
120001,Hoelzer;Hoevelmann;Bielefeldt,2006-11-08,190,-2,,ykn,p1,(v)YK; ab 120 Pürkhammerbohrung; Oberboden gestört: wahrscheinlich tiefgepflügt,Hoelzer;Hoevelmann;Bielefeldt,2006-11-08,Hoelzer;Hoevelmann;Bielefeldt,2006-11-08,"GÜK 300 für BB, einzelne Kartenblätter sind nicht vorhanden(INFO HrRiek120808)",Profil nur bis 120 beprobbar
120002,Hoelzer;Hoevelmann;Bielefeldt,2006-11-08,125,-2,,bbn,p2,"Sandbraunerde (BBn,p2); streifengepflügt",Hoelzer;Hoevelmann;Bielefeldt,2006-11-08,Hoelzer;Hoevelmann;Bielefeldt,2006-11-08,"GÜK 300 für BB, einzelne Kartenblätter sind nicht vorhanden(INFO HrRiek120808)",
120003,Hoelzer;Hoevelmann;Bielefeldt,2006-10-31,170,-2,,bbn,p2,"(vBB,p2); gepflügt; Regenwürmer",Hoelzer;Hoevelmann;Bielefeldt,2006-10-31,Hoelzer;Hoevelmann;Bielefeldt,2006-10-31,"GÜK 300 für BB, einzelne Kartenblätter sind nicht vorhanden(INFO HrRiek120808)",
120004,Hoelzer;Hoevelmann;Bielefeldt,2006-10-31,105,-2,,rzn,p1,"verbraunte (stellenweise) Pararendzina aus carbonathaltigen anthropogenen Ablagerungen über trockengefallenem Moor/Torf (bRZ); gestört: übererdet bis 8dm mit Bauaushub, Baumaterialien (?)",Hoelzer;Hoevelmann;Bielefeldt,2006-10-31,Hoelzer;Hoevelmann;Bielefeldt,2006-10-31,"GÜK 300 für BB, einzelne Kartenblätter sind nicht vorhanden(INFO HrRiek120808)",
120005,Hoelzer;Hoevelmann;Bielefeldt,2006-10-24,170,-2,,bbn,p1,"Grandsandbraunerde ( (v)BBn); Vollumbruch; 45 bis 170: stellenweise deutlich aufschäumend, stellenweise nicht reagierend",Hoelzer;Hoevelmann;Bielefeldt,2006-10-24,Hoelzer;Hoevelmann;Bielefeldt,2006-10-24,"GÜK 300 für BB, einzelne Kartenblätter sind nicht vorhanden(INFO HrRiek120808)",
120006,Hoelzer;Hoevelmann;Bielefeldt,2006-10-25,230,-2,,gg-bb,p1,reliktischer Braunerde- Gley (vBB-GG); gestört: alter unscharfer Pflughorizont,Hoelzer;Hoevelmann;Bielefeldt,2006-10-25,Hoelzer;Hoevelmann;Bielefeldt,2006-10-25,"GÜK 300 für BB, einzelne Kartenblätter sind nicht vorhanden(INFO HrRiek120808)",
120007,Hoelzer;Hoevelmann;Bielefeldt,2006-10-12,160,-2,,bbn,p3,"(Grand)Sandbraunerde (BB,p3); streifengepflügt",Hoelzer;Hoevelmann;Bielefeldt,2006-10-12,Hoelzer;Hoevelmann;Bielefeldt,2006-10-12,"GÜK 300 für BB, einzelne Kartenblätter sind nicht vorhanden(INFO HrRiek120808)",
120008,Hoelzer;Hoevelmann;Eglin,2006-08-28,195,-2,,bb-pp,p1,"Profil auf forstlicher Verkehrswegeinsel, streifengepflügt rudimentär - zerfahren; Profil in Fahrspur, Oberboden durch Schwarzwild und Befahrung flächig gestört",Hoelzer;Hoevelmann;Eglin,2006-08-28,Hoelzer;Hoevelmann;Eglin,2006-08-28,"GÜK 300 für BB, einzelne Kartenblätter sind nicht vorhanden(INFO HrRiek120808)",
120009,Hoelzer;Hoevelmann;Bielefeldt,2006-10-11,160,-2,,ykn,p2,"tiefvergleytes Kolluvium (gYK,p2); gestört: zum größten Teil deutlich übererdet",Hoelzer;Hoevelmann;Bielefeldt,2006-10-11,Hoelzer;Hoevelmann;Bielefeldt,2006-10-11,"GÜK 300 für BB, einzelne Kartenblätter sind nicht vorhanden(INFO HrRiek120808)",
120010,Hoelzer;Hoevelmann;Bielefeldt,2006-10-11,200,-2,,lf-bb,p3,"( (v)LF-BB, p3); streifengepflügt; auf Rückegasse",Hoelzer;Hoevelmann;Bielefeldt,2006-10-11,Hoelzer;Hoevelmann;Bielefeldt,2006-10-11,"GÜK 300 für BB, einzelne Kartenblätter sind nicht vorhanden(INFO HrRiek120808)",
120011,Hoelzer;Hoevelmann;Bielefeldt,2006-11-28,170,-2,,lf-bb,p1,tiefpseudovergleyter Fahlerde- Podsol oder tiefpseudovergleyte + reliktisch vergleyte Fahlerde- Braunerde (sv LF-PP oder sv LF-BB); streifengepflügt; wahrscheinlich gedüngt,Hoelzer;Hoevelmann;Bielefeldt,2006-11-28,Hoelzer;Hoevelmann;Bielefeldt,2006-11-28,"GÜK 300 für BB, einzelne Kartenblätter sind nicht vorhanden(INFO HrRiek120808)",
120012,Hoelzer;Hoevelmann;Bielefeldt,2006-10-10,205,-2,,bbn,p4,"Staubsandbraunerde, stark podsolig (tiefvergleyt)( (g)BB,p4)",Hoelzer;Hoevelmann;Bielefeldt,2006-10-10,Hoelzer;Hoevelmann;Bielefeldt,2006-10-10,"GÜK 300 für BB, einzelne Kartenblätter sind nicht vorhanden(INFO HrRiek120808)",
120013,Hoelzer;Hoevelmann;Eglin,2006-08-22,210,-2,,bb-yu,p3,Treposol aus podsolierter Sandbraunerde (PP-BB-Yn),Hoelzer;Hoevelmann;Eglin,2006-08-22,Hoelzer;Hoevelmann;Eglin,2006-08-22,"GÜK 300 für BB, einzelne Kartenblätter sind nicht vorhanden(INFO HrRiek120808)",
120014,Hoelzer;Hoevelmann,2006-05-10,200,-2,,gg-bb,p2,sw. podsolierte reliktische Gley -Braunerde,Hoelzer;Hoevelmann,2006-05-10,Hoelzer;Hoevelmann,2006-05-10,"GÜK 300 für BB, einzelne Kartenblätter sind nicht vorhanden(INFO HrRiek120808)",
120015,Hoelzer;Hoevelmann;Bielefeldt,2006-10-23,120,125,95,gg,p1,"wahrscheinlich reliktischer Annmoor über Gley, abgeschoben zu gepflügtem Humusgley (GGe-(v)GGh); streifengepflügt; stark verdichtet; Regenwürmer; Aa abgeschoben auf einen Wall außerhalb des Bestandes",Hoelzer;Hoevelmann;Bielefeldt,2006-10-23,Hoelzer;Hoevelmann;Bielefeldt,2006-10-23,"GÜK 300 für BB, einzelne Kartenblätter sind nicht vorhanden(INFO HrRiek120808)",
120016,Hoelzer;Hoevelmann;Bielefeldt,2006-10-27,170,-2,,yk-pp,p1,"(BB-PP, oder bYK-PP); stellenweise deutlich verdichtet",Hoelzer;Hoevelmann;Bielefeldt,2006-10-27,Hoelzer;Hoevelmann;Bielefeldt,2006-10-27,"GÜK 300 für BB, einzelne Kartenblätter sind nicht vorhanden(INFO HrRiek120808)",
120017,Hoelzer;Hoevelmann;Bielefeldt,2006-11-01,190,-2,,lld,p1,Bänderparabraunerde (LLd);gepflügt; Ackerrandlage,Hoelzer;Hoevelmann;Bielefeldt,2006-11-01,Hoelzer;Hoevelmann;Bielefeldt,2006-11-01,"GÜK 300 für BB, einzelne Kartenblätter sind nicht vorhanden(INFO HrRiek120808)",
120018,Hoelzer;Hoevelmann;Bielefeldt,2006-11-01,190,-2,,ll-bb,p2,"podsolig, fahlerdeartige Bänderparabraunerde- Braunerde (dLLd-BB, p2); Horizontierung an Profilwand -OST:  Profilfront gestört",Hoelzer;Hoevelmann;Bielefeldt,2006-11-01,Hoelzer;Hoevelmann;Bielefeldt,2006-11-01,"GÜK 300 für BB, einzelne Kartenblätter sind nicht vorhanden(INFO HrRiek120808)",
120019,Hoelzer;Hoevelmann;Bielefeldt,2006-11-28,155,-2,,bb-rq,p3,"regosolartige (Flug-) Sandbraunerde tiefvergleyt (BB-RQ, p3)",Hoelzer;Hoevelmann;Bielefeldt,2006-11-28,Hoelzer;Hoevelmann;Bielefeldt,2006-11-28,"GÜK 300 für BB, einzelne Kartenblätter sind nicht vorhanden(INFO HrRiek120808)",
120020,Hoelzer;Hoevelmann;Bielefeldt,2006-11-06,170,-2,,ykn,p1,kalkhaltiges Kolluvium (cYK); wahrscheinlich gepflügt,Hoelzer;Hoevelmann;Bielefeldt,2006-11-06,Hoelzer;Hoevelmann;Bielefeldt,2006-11-06,"GÜK 300 für BB, einzelne Kartenblätter sind nicht vorhanden(INFO HrRiek120808)",
120021,Hoelzer;Hoevelmann;Bielefeldt,2006-11-03,205,-2,,bbn,p3,"(Grand-)Sandbraunerde (BBn,p3); Horizontierung an der SSw- Wand; streifengepflügt",Hoelzer;Hoevelmann;Bielefeldt,2006-11-03,Hoelzer;Hoevelmann;Bielefeldt,2006-11-03,"GÜK 300 für BB, einzelne Kartenblätter sind nicht vorhanden(INFO HrRiek120808)",
120022,Hoelzer;Hoevelmann;Bielefeldt,2006-11-29,155,-2,,ykn,p4,"stark podsolige Sandbraunerde, kolluvial überprägt im tieferen Unterboden reliktisch vergleyt (BB-K , p4); streifengepflügt",Hoelzer;Hoevelmann;Bielefeldt,2006-11-29,Hoelzer;Hoevelmann;Bielefeldt,2006-11-29,"GÜK 300 für BB, einzelne Kartenblätter sind nicht vorhanden(INFO HrRiek120808)",
120023,-9,1970-01-01,-9,-9,,-9,-9,,-9,1970-01-01,-9,1970-01-01,,
120024,Hoelzer;Hoevelmann;Bielefeldt,2006-11-14,180,-2,,bbn,p3,"Sandbraunerde (BBn,p3); Vollumbruch",Hoelzer;Hoevelmann;Bielefeldt,2006-11-14,Hoelzer;Hoevelmann;Bielefeldt,2006-11-14,"GÜK 300 für BB, einzelne Kartenblätter sind nicht vorhanden(INFO HrRiek120808)",
120025,Hoelzer;Hoevelmann;Bielefeldt,2006-10-30,205,-2,,bbn,p3,"(Staub)Sandbraunerde reliktisch vergleyt (tiefvergleyt) (BB,p3); flächig zerfahren, verdichtet, Gw wahrscheinlich wurzelerreichbar",Hoelzer;Hoevelmann;Bielefeldt,2006-10-30,Hoelzer;Hoevelmann;Bielefeldt,2006-10-30,"GÜK 300 für BB, einzelne Kartenblätter sind nicht vorhanden(INFO HrRiek120808)",
120026,Hoelzer;Hoevelmann;Bielefeldt,2006-11-18,185,-2,,lf-bb,p3,"Fahlerde-Braunerde, tiefpseudovergleyt (LF_BB, p3)",Hoelzer;Hoevelmann;Bielefeldt,2006-11-18,Hoelzer;Hoevelmann;Bielefeldt,2006-11-18,"GÜK 300 für BB, einzelne Kartenblätter sind nicht vorhanden(INFO HrRiek120808)",
120027,Hoelzer;Hoevelmann;Bielefeldt,2006-11-18,160,-2,,bbn,p3,"Grandsandbraunerde (BBn, p3); gepflügt, befahren (Harvester)",Hoelzer;Hoevelmann;Bielefeldt,2006-11-18,Hoelzer;Hoevelmann;Bielefeldt,2006-11-18,"GÜK 300 für BB, einzelne Kartenblätter sind nicht vorhanden(INFO HrRiek120808)",
120028,Hoelzer;Hoevelmann;Bielefeldt,2006-11-17,200,-2,180,gg-yu,p3,"reliktischer Gley - Treposol, aktuell wurzelerreichbar vergleyt (GG-YU, p3); streifengepflügt nach Vollumbruch",Hoelzer;Hoevelmann;Bielefeldt,2006-11-17,Hoelzer;Hoevelmann;Bielefeldt,2006-11-17,"GÜK 300 für BB, einzelne Kartenblätter sind nicht vorhanden(INFO HrRiek120808)",
120029,Hoelzer;Hoevelmann;Bielefeldt,2006-11-16,160,-2,160,gg-bb,p3,"(GG-BB,p3)",Hoelzer;Hoevelmann;Bielefeldt,2006-11-16,Hoelzer;Hoevelmann;Bielefeldt,2006-11-16,"GÜK 300 für BB, einzelne Kartenblätter sind nicht vorhanden(INFO HrRiek120808)",
120030,Hoelzer;Hoevelmann;Bielefeldt,2006-11-10,155,-2,,gg-bb,p4,"stark podsolig, reliktische Gley- Braunerde, tiefvergleyt (GG-BB,p4); gepflügt",Hoelzer;Hoevelmann;Bielefeldt,2006-11-10,Hoelzer;Hoevelmann;Bielefeldt,2006-11-10,"GÜK 300 für BB, einzelne Kartenblätter sind nicht vorhanden(INFO HrRiek120808)",
120031,Hoelzer;Hoevelmann;Bielefeldt,2006-11-21,185,-2,,bbn,p3,"(BB/Ll-Lf, p3); Oberboden gestört: wahrscheinlich Pflug",Hoelzer;Hoevelmann;Bielefeldt,2006-11-21,Hoelzer;Hoevelmann;Bielefeldt,2006-11-21,"GÜK 300 für BB, einzelne Kartenblätter sind nicht vorhanden(INFO HrRiek120808)",
120032,Hoelzer;Hoevelmann;Bielefeldt,2006-11-19,155,-2,,gg-pp,p1,reliktischer Gley - Podsol ( (GG-)PP ); gepflügt,Hoelzer;Hoevelmann;Bielefeldt,2006-11-19,Hoelzer;Hoevelmann;Bielefeldt,2006-11-19,"GÜK 300 für BB, einzelne Kartenblätter sind nicht vorhanden(INFO HrRiek120808)",
120033,Hoelzer;Hoevelmann;Bielefeldt,2006-11-23,200,-2,,bbn,p3,"Sandbraunerde (BBn, p3); streifengepflügt",Hoelzer;Hoevelmann;Bielefeldt,2006-11-23,Hoelzer;Hoevelmann;Bielefeldt,2006-11-23,"GÜK 300 für BB, einzelne Kartenblätter sind nicht vorhanden(INFO HrRiek120808)",
120034,Hoelzer;Hoevelmann;Bielefeldt,2006-11-15,170,-2,,bbn,p2,"Sandbraunerde (schwach podsolig) (BBn,p2); gepflügt; Profil SE-Seite gestört: stellenweise bis 90",Hoelzer;Hoevelmann;Bielefeldt,2006-11-15,Hoelzer;Hoevelmann;Bielefeldt,2006-11-15,"GÜK 300 für BB, einzelne Kartenblätter sind nicht vorhanden(INFO HrRiek120808)",
120035,Hoelzer;Hoevelmann;Bielefeldt,2006-11-15,210,-2,,bbn,p3,"mäßig podsolig, im Unterboden gebänderte Sandbraunerde ( (v)BBn,p3); Vollumbruch; im Untergrund schluffig-(glazi)fluviatile(Becken-?) Bänderung,",Hoelzer;Hoevelmann;Bielefeldt,2006-11-15,Hoelzer;Hoevelmann;Bielefeldt,2006-11-15,"GÜK 300 für BB, einzelne Kartenblätter sind nicht vorhanden(INFO HrRiek120808)",
120036,Hoelzer;Hoevelmann;Bielefeldt,2006-11-07,205,205,,bbn,p3,"reliktisch vergleyte Sandbraunerde(BB,p3) aktuell tiefvergleyt; Vollumbruch, streifengepflügt; Horizontierung NO-Seite: Front gestört",Hoelzer;Hoevelmann;Bielefeldt,2006-11-07,Hoelzer;Hoevelmann;Bielefeldt,2006-11-07,"GÜK 300 für BB, einzelne Kartenblätter sind nicht vorhanden(INFO HrRiek120808)",
120037,Hoelzer;Hoevelmann;Bielefeldt,2006-11-21,140,-2,,bb-pp,p1,reliktisch vergleyter Treposol aus Braunerde - Podsol (BB-PP-YU),Hoelzer;Hoevelmann;Bielefeldt,2006-11-21,Hoelzer;Hoevelmann;Bielefeldt,2006-11-21,"GÜK 300 für BB, einzelne Kartenblätter sind nicht vorhanden(INFO HrRiek120808)",
120038,Hoelzer;Hoevelmann;Bielefeldt,2006-11-22,185,-2,,lf-bb,p2,"Sandbraunerde, gekappt, im Unterboden gebändert (LFd-BB, p2)",Hoelzer;Hoevelmann;Bielefeldt,2006-11-22,Hoelzer;Hoevelmann;Bielefeldt,2006-11-22,"GÜK 300 für BB, einzelne Kartenblätter sind nicht vorhanden(INFO HrRiek120808)",
120039,Hoelzer;Hoevelmann;Bielefeldt,2006-11-23,210,-2,,bbn,p2,"Sandbraunerde über gebänderten glazifluviatilen Sanden (BBn, p2); streifengepflügt",Hoelzer;Hoevelmann;Bielefeldt,2006-11-23,Hoelzer;Hoevelmann;Bielefeldt,2006-11-23,"GÜK 300 für BB, einzelne Kartenblätter sind nicht vorhanden(INFO HrRiek120808)",
120040,Hoelzer;Hoevelmann;Bielefeldt,2006-10-04,180,-2,,bbn,p3,Grandsandbraunerde (BB; p3); Profil auf Rückegasse; streifengepflügt,Hoelzer;Hoevelmann;Bielefeldt,2006-10-04,Hoelzer;Hoevelmann;Bielefeldt,2006-10-04,"GÜK 300 für BB, einzelne Kartenblätter sind nicht vorhanden(INFO HrRiek120808)",
120041,Hoelzer;Hoevelmann;Eglin,2006-08-29,165,-2,,bbn,p4,podsolierte Lockersandbraunerde über Grandsand; ppYU Treposol aus Podsol (Aber Ap nicht durchgehend >40); Vollumbruch,Hoelzer;Hoevelmann;Eglin,2006-08-29,Hoelzer;Hoevelmann;Eglin,2006-08-29,"GÜK 300 für BB, einzelne Kartenblätter sind nicht vorhanden(INFO HrRiek120808)",
120042,Hoelzer;Hoevelmann;Bielefeldt,2006-10-02,155,-2,,bbn,p4,"Staubsandbraunerde reliktisch vergleyt (BB,p4); streifengepflügt",Hoelzer;Hoevelmann;Bielefeldt,2006-10-02,Hoelzer;Hoevelmann;Bielefeldt,2006-10-02,"GÜK 300 für BB, einzelne Kartenblätter sind nicht vorhanden(INFO HrRiek120808)",
120043,Hoelzer;Hoevelmann;Bielefeldt,2006-09-18,175,-2,,bbn,p3,"Sandbraunerde, reliktisch im Unterboden vergleyt und schwach pseudovergleyt; streifengepflügt; Untergrenze vom Damm-Hochpunkt gemessen",Hoelzer;Hoevelmann;Bielefeldt,2006-09-18,Hoelzer;Hoevelmann;Bielefeldt,2006-09-18,"GÜK 300 für BB, einzelne Kartenblätter sind nicht vorhanden(INFO HrRiek120808)",
120044,Hoelzer;Hoevelmann;Bielefeldt,2006-09-27,180,-2,,bbn,p3,"Sandbraunerde (BB,p3); streifengepflügt",Hoelzer;Hoevelmann;Bielefeldt,2006-09-27,Hoelzer;Hoevelmann;Bielefeldt,2006-09-27,"GÜK 300 für BB, einzelne Kartenblätter sind nicht vorhanden(INFO HrRiek120808)",
120045,Hoelzer;Hoevelmann;Bielefeldt,2006-09-27,200,-2,,bbn,p4,"Sandbraunerde, podsolierte (BB,p4); streifengepflügt; Verdichtung: Harvester",Hoelzer;Hoevelmann;Bielefeldt,2006-09-27,Hoelzer;Hoevelmann;Bielefeldt,2006-09-27,"GÜK 300 für BB, einzelne Kartenblätter sind nicht vorhanden(INFO HrRiek120808)",
120046,Hoelzer;Hoevelmann;Bielefeldt,2006-09-11,200,-2,,bbn,p3,tiefvergleyte (+ reliktisch vergleyte) Sandbraunerde,Hoelzer;Hoevelmann;Bielefeldt,2006-09-11,Hoelzer;Hoevelmann;Bielefeldt,2006-09-11,"GÜK 300 für BB, einzelne Kartenblätter sind nicht vorhanden(INFO HrRiek120808)",
120047,Hoelzer;Hoevelmann;Bielefeldt,2006-09-20,190,-2,,bbn,p2,(Grand-)Sandbraunerde; möglicherweise gepflügt; Oberboden verdichtet,Hoelzer;Hoevelmann;Bielefeldt,2006-09-20,Hoelzer;Hoevelmann;Bielefeldt,2006-09-20,"GÜK 300 für BB, einzelne Kartenblätter sind nicht vorhanden(INFO HrRiek120808)",
120048,Hoelzer;Hoevelmann;Bielefeldt,2006-06-20,190,-2,,bbn,p2,(sehr) schwach podsolig im Tieferen pseudovergleyte Braunerde (aus Sp+Sgf) über wurzelerreichbarem Mergel; streifengepflügt; Hori.Nr.: 4: eo = gebändert vor allem an Untergrenze mit Kalk; Hori.Nr.:6: wf1= hpts. an Untergrenze,Hoelzer;Hoevelmann;Bielefeldt,2006-06-20,Hoelzer;Hoevelmann;Bielefeldt,2006-06-20,"GÜK 300 für BB, einzelne Kartenblätter sind nicht vorhanden(INFO HrRiek120808)",
120049,Hoelzer;Hoevelmann;Bielefeldt,2006-06-19,200,-2,,bbn,p2,reliktisch lessivierte pseudovergleyte schwach podsolige (Merkmalspara-) Braunerde (BB); Hori.Nr5: tuffartige Kalk - Konkretionen,Hoelzer;Hoevelmann;Bielefeldt,2006-06-19,Hoelzer;Hoevelmann;Bielefeldt,2006-06-19,"GÜK 300 für BB, einzelne Kartenblätter sind nicht vorhanden(INFO HrRiek120808)",
120050,Hoelzer;Hoevelmann;Bielefeldt,2006-06-21,200,-2,,bbn,p2, Sandbraunerde; Hori.Nr. 4+5: eh = fleckig gebändert; streifengepflügt (Vollumbruch); altes Profil als Störung in der linken Profilwand,Hoelzer;Hoevelmann;Bielefeldt,2006-06-21,Hoelzer;Hoevelmann;Bielefeldt,2006-06-21,"GÜK 300 für BB, einzelne Kartenblätter sind nicht vorhanden(INFO HrRiek120808)",
120051,Hoelzer;Hoevelmann;Bielefeldt,2006-06-22,180,-2,,bbn,p2, lessivierte gepflügte Braunerde / Acker - BB; streifengepflügt nach Vollumbruch,Hoelzer;Hoevelmann;Bielefeldt,2006-06-22,Hoelzer;Hoevelmann;Bielefeldt,2006-06-22,"GÜK 300 für BB, einzelne Kartenblätter sind nicht vorhanden(INFO HrRiek120808)",
120052,Hoelzer;Hoevelmann;Bielefeldt,2006-06-20,150,-2,,bb-ss,p1,lessivierter Braunerde- Pseudogley; Bodenbearbeitung möglich vor allem Seitenwand; (streifengepflügt); ab125 Regenstauwasser bis 150cm uGof,Hoelzer;Hoevelmann;Bielefeldt,2006-06-20,Hoelzer;Hoevelmann;Bielefeldt,2006-06-20,"GÜK 300 für BB, einzelne Kartenblätter sind nicht vorhanden(INFO HrRiek120808)","Lfd.Nr 7: nach Gewitterguss höherer Stauwassseranteil als bei Profilansprache, Pürkhammmerbohrung auf Stufe oberhalb Stauwasser"
120053,Hoelzer;Hoevelmann;Bielefeldt,2006-06-21,200,-2,200,bbn,p3,podsolige Sandbraunerde im tieferen  Unterboden (reliktisch) vergleyt; Hori.Nr.: Grenze 120-130= wf2; streifengepflügt; altes Profil linke Stirnwand; Erlenbruch in Nachbarschaft ca >2m Geländeabfall;,Hoelzer;Hoevelmann;Bielefeldt,2006-06-21,Hoelzer;Hoevelmann;Bielefeldt,2006-06-21,"GÜK 300 für BB, einzelne Kartenblätter sind nicht vorhanden(INFO HrRiek120808)","Horiz.Nr.7: c0, aber im benachbarten Bestand Zeigerpflanzen"
120054,Hoelzer;Hoevelmann;Bielefeldt,2006-06-15,190,-2,,bbn,p2,"reliktisch vergleyte Braunerde; streifengepflügt; z.T. tiefer gepflügt; Rinne: heterogene Durchmischung Ap+ Bv1,2 bis 100; Horiz  160-190: auch mit verbraunten Knollen",Hoelzer;Hoevelmann;Bielefeldt,2006-06-15,Hoelzer;Hoevelmann;Bielefeldt,2006-06-15,"GÜK 300 für BB, einzelne Kartenblätter sind nicht vorhanden(INFO HrRiek120808)",Horizonte heterogen verwirrgt
120055,Hoelzer;Hoevelmann;Bielefeldt,2006-06-15,180,-2,,bbn,p3,podsolierte Sandbraunerde; streifengepflügt; stellenweise Auftrag; Yj +10cm ; Hori.Nr.3: linke Profilwand durchgehend Sl2 intensiv verbraunt; podsolierte Sandbraunerde,Hoelzer;Hoevelmann;Bielefeldt,2006-06-15,Hoelzer;Hoevelmann;Bielefeldt,2006-06-15,"GÜK 300 für BB, einzelne Kartenblätter sind nicht vorhanden(INFO HrRiek120808)",
120056,Hoelzer;Hoevelmann;Bielefeldt,2006-06-22,180,-2,,ss-bb,p3,"verfahlte  Braunerde; Oberboden stark befahren, ausgehagerte Erscheinung, linke Profilhälfte wirkt gestört",Hoelzer;Hoevelmann;Bielefeldt,2006-06-22,Hoelzer;Hoevelmann;Bielefeldt,2006-06-22,"GÜK 300 für BB, einzelne Kartenblätter sind nicht vorhanden(INFO HrRiek120808)",58-100 inhomogen
120057,Hoelzer;Hoevelmann;Bielefeldt,2006-07-18,175,200,,gg-bb,p2,Gley - Sandbraunerde (reliktischer Gley mit Restverbraunung und aktueller Verlegung im tieferen Unterboden (wurzelerreichbar)); streifengepflügt oder Wiesenumbruch,Hoelzer;Hoevelmann;Bielefeldt,2006-07-18,Hoelzer;Hoevelmann;Bielefeldt,2006-07-18,"GÜK 300 für BB, einzelne Kartenblätter sind nicht vorhanden(INFO HrRiek120808)",
120058,Hoelzer;Hoevelmann;Bielefeldt,2006-07-18,195,-2,,bbn,p2,(wahrscheinlich tiefvergleyte) Sandbraunerde; streifengepflügt; Oberboden stark gestört,Hoelzer;Hoevelmann;Bielefeldt,0206-07-18,Hoelzer;Hoevelmann;Bielefeldt,2006-07-18,"GÜK 300 für BB, einzelne Kartenblätter sind nicht vorhanden(INFO HrRiek120808)",
120059,Hoelzer;Hoevelmann;Bielefeldt,2006-10-10,185,-2,,bbn,p4,"(Zwerg- Podsol) Sandbraunerde stark podsolig (BB,p4); OB gestört aber keine Bearbeitung erkennbar",Hoelzer;Hoevelmann;Bielefeldt,2006-10-10,Hoelzer;Hoevelmann;Bielefeldt,2006-10-10,"GÜK 300 für BB, einzelne Kartenblätter sind nicht vorhanden(INFO HrRiek120808)",
120060,Hoelzer;Hoevelmann;Bielefeldt,2006-06-07,135,-2,,bbn,p2,"Grandsandbraunerde oder schwach lessivierte p2BB, im Unter(boden)grund kalkhaltig; Grundwasseranschluss im tieferen Untergrund nicht auszuschließen, aber wg. Skelett nicht aufzugraben, nicht zu erbohren, also: nicht zu verifizieren;",Hoelzer;Hoevelmann;Bielefeldt,2006-06-07,Hoelzer;Hoevelmann;Bielefeldt,2006-06-07,"GÜK 300 für BB, einzelne Kartenblätter sind nicht vorhanden(INFO HrRiek120808)","wg. Skelett keine tiefere Beprobung (nicht aufzugraben, nicht zu erbohren)"
120061,Hoelzer;Hoevelmann;Bielefeldt,2006-06-21,200,-2,,bbn,p3,"mäßig podsolige Sandbraunerde über wurzelreichem kalkhaltigem Feinkies Sgf; aber an Satelliten p4,( PP-BB); Hori.Nr.4: von 95-110= wf2; streifengepflügt",Hoelzer;Hoevelmann;Bielefeldt,2006-06-21,Hoelzer;Hoevelmann;Bielefeldt,2006-06-21,"GÜK 300 für BB, einzelne Kartenblätter sind nicht vorhanden(INFO HrRiek120808)",
120062,Hoelzer;Hoevelmann;Bielefeldt,2006-07-17,170,-2,,bbn,p3,Grandsandbraunerde,Hoelzer;Hoevelmann;Bielefeldt,2006-07-17,Hoelzer;Hoevelmann;Bielefeldt,2006-07-17,"GÜK 300 für BB, einzelne Kartenblätter sind nicht vorhanden(INFO HrRiek120808)",
120063,Hoelzer;Hoevelmann;Bielefeldt,2006-10-09,190,-2,200,bb-pp,p1,Braunerde - Podsol (tiefvergleyt - wahrscheinlich) (vBB-PP); deutliche Verdichtung: auf Rückegasse,Hoelzer;Hoevelmann;Bielefeldt,2006-10-09,Hoelzer;Hoevelmann;Bielefeldt,2006-10-09,"GÜK 300 für BB, einzelne Kartenblätter sind nicht vorhanden(INFO HrRiek120808)",
120064,-9,1970-01-01,-9,-9,,-9,-9,,-9,1970-01-01,-9,1970-01-01,,
120065,Hoelzer;Hoevelmann;Eglin,2006-06-06,185,-2,,bbn,p1,pseudovergleyte (Acker-) Braunerde mit  eschartigem Oberboden (eher Garten- als Ackerboden); (alternativ: BBh ?),Hoelzer;Hoevelmann;Eglin,2006-06-06,Hoelzer;Hoevelmann;Eglin,2006-06-06,"GÜK 300 für BB, einzelne Kartenblätter sind nicht vorhanden(INFO HrRiek120808)",
120066,Hoelzer;Hoevelmann;Bielefeldt,2006-06-07,180,-2,,pp-bb,p1,streifengepflügt; reliktisch vergleyt (> 40 dm); Regenwurm bei Probenahme Aeh 0-15 cm; Tiefenstufe: 120-180: Eiskeile,Hoelzer;Hoevelmann;Bielefeldt,2006-06-07,Hoelzer;Hoevelmann;Bielefeldt,2006-06-07,"GÜK 300 für BB, einzelne Kartenblätter sind nicht vorhanden(INFO HrRiek120808)",
120067,Hoelzer;Hoevelmann;Bielefeldt,2006-06-12,180,-2,,bbn,p2,Hori.Nr.5: knisterndes Lehmband (wf3-4); Sgf+Lg Reste noch carbonathaltig,Hoelzer;Hoevelmann;Bielefeldt,2006-06-12,Hoelzer;Hoevelmann;Bielefeldt,2006-06-12,"GÜK 300 für BB, einzelne Kartenblätter sind nicht vorhanden(INFO HrRiek120808)",
120068,Hoelzer;Hoevelmann;Bielefeldt,2006-06-13,200,-2,,pp-bb,p3,Hori.Nr.4: gerundete Steine; mehrfachumgelagerter Geschiebedecksand,Hoelzer;Hoevelmann;Bielefeldt,2006-06-13,Hoelzer;Hoevelmann;Bielefeldt,2006-06-13,"GÜK 300 für BB, einzelne Kartenblätter sind nicht vorhanden(INFO HrRiek120808)",
120069,Hoelzer;Hoevelmann;Bielefeldt,2006-06-14,180,-2,,bbn,p3,"ohne Bodenbearbeitung wäre es wahrscheinlich PP-BB; 0-35: Ap gestört, streifengepflügt (nach vorangegangener tieferen Bearbeitung?); bei 2,6m kein scheinbarer GW",Hoelzer;Hoevelmann;Bielefeldt,2006-06-14,Hoelzer;Hoevelmann;Bielefeldt,2006-06-14,"GÜK 300 für BB, einzelne Kartenblätter sind nicht vorhanden(INFO HrRiek120808)","0-5, 5-10, 10-35 am Profil deutlich gestört"
120070,Hoelzer;Hoevelmann;Bielefeldt,2006-10-09,175,-2,,bbn,p4,"Lockersandbraunerde, reliktisch vergleyt (BBn,p4)",Hoelzer;Hoevelmann;Bielefeldt,2006-10-09,Hoelzer;Hoevelmann;Bielefeldt,2006-10-09,"GÜK 300 für BB, einzelne Kartenblätter sind nicht vorhanden(INFO HrRiek120808)",
120071,Hoelzer;Damman,2006-05-29,150,-2,,bbn,p2,streifengepflügt,Hoelzer;Damman,2006-05-29,Hoelzer;Damman,2006-05-29,"GÜK 300 für BB, einzelne Kartenblätter sind nicht vorhanden(INFO HrRiek120808)",
120072,Hoelzer;Damman,2006-05-29,170,-2,,ss-bb,p2,,Hoelzer;Damman,2006-05-29,Hoelzer;Damman,2006-05-29,"GÜK 300 für BB, einzelne Kartenblätter sind nicht vorhanden(INFO HrRiek120808)",
120073,Hoelzer;Hoevelmann;Bielefeldt,2006-06-13,205,-2,,pp-bb,p1," humoser, reliktisch vergleyter und bearbeiteter Zwerg - Podsol ; Sto ca. 7cm übererdet; zw. 30-50cm gepflügt;  Hori.Nr.1: Störung streifengepflügt + geringmächtige Übererdung",Hoelzer;Hoevelmann;Bielefeldt,2006-06-13,Hoelzer;Hoevelmann;Bielefeldt,2006-06-13,"GÜK 300 für BB, einzelne Kartenblätter sind nicht vorhanden(INFO HrRiek120808)",
120074,Hoelzer;Damman,2006-05-16,150,-2,,pp-bb,p1,Podsol - Braunerde,Hoelzer;Damman,2006-05-16,Hoelzer;Damman,2006-05-16,"GÜK 300 für BB, einzelne Kartenblätter sind nicht vorhanden(INFO HrRiek120808)",
120075,Hoelzer;Hoevelmann;Bielefeldt,2006-06-08,175,-2,,gg-yu,p4, tiefgepflügter podsolierter Gley ; Stubbenrodung/Humus abgeschoben,Hoelzer;Hoevelmann;Bielefeldt,2006-06-08,Hoelzer;Hoevelmann;Bielefeldt,2006-06-08,"GÜK 300 für BB, einzelne Kartenblätter sind nicht vorhanden(INFO HrRiek120808)",
120076,Hoelzer;Hoevelmann;Bielefeldt,2006-06-12,170,-2,,bbn,p2,"Sandbraunerde, p2;",Hoelzer;Hoevelmann;Bielefeldt,2006-06-12,Hoelzer;Hoevelmann;Bielefeldt,2006-06-12,"GÜK 300 für BB, einzelne Kartenblätter sind nicht vorhanden(INFO HrRiek120808)",
120077,Hoelzer;Damman,2006-06-01,170,-2,,ykn,p2,Kolluvium;,Hoelzer;Damman,2006-06-01,Hoelzer;Damman,2006-06-01,"GÜK 300 für BB, einzelne Kartenblätter sind nicht vorhanden(INFO HrRiek120808)",
120078,Hoelzer;Damman,2006-05-30,190,-2,,bb-ss,p2,,Hoelzer;Damman,2006-05-30,Hoelzer;Damman,2006-05-30,"GÜK 300 für BB, einzelne Kartenblätter sind nicht vorhanden(INFO HrRiek120808)",
120079,Hoelzer;Damman,2006-05-17,140,-2,,bb-lf,p2,schwach pseudovergleyt Brauerde-Fahlerde (Bt-Horizonte fehlen); BhvAeh: Mischhorizont durch Bearbeitung,Hoelzer;Damman,2006-05-17,Hoelzer;Damman,2006-05-17,"GÜK 300 für BB, einzelne Kartenblätter sind nicht vorhanden(INFO HrRiek120808)",
120080,Hoelzer;Hoevelmann;Eglin,2006-08-24,-2,18,,ghn,p1,Niedermoorgley; Moormächtigkeit größer als 1m: keine Mineralprobe möglich,Hoelzer;Hoevelmann;Eglin,2006-08-24,Hoelzer;Hoevelmann;Eglin,2006-08-24,"GÜK 300 für BB, einzelne Kartenblätter sind nicht vorhanden(INFO HrRiek120808)",entfällt
120081,Hoelzer;Hoevelmann;Bielefeldt,2006-06-08,180,205,165,bbn,p3,vergleyte podsolige Braunerde,Hoelzer;Hoevelmann;Bielefeldt,2006-06-08,Hoelzer;Hoevelmann;Bielefeldt,2006-06-08,"GÜK 300 für BB, einzelne Kartenblätter sind nicht vorhanden(INFO HrRiek120808)",
120082,-9,1970-01-01,-9,-9,,-9,-9,,-9,1970-01-01,-9,1970-01-01,,
120083,Hoelzer;Hoevelmann;Bielefeldt,2006-07-12,165,165,140,gg-rq,p2,"schwach verbraunter Gley - Regosol, ehem. Acker aus Talsanden, Flugsand beeinflusst, sehr humos; Regenwurm (lu,en)",Hoelzer;Hoevelmann;Bielefeldt,2006-07-12,Hoelzer;Hoevelmann;Bielefeldt,2006-07-12,"GÜK 300 für BB, einzelne Kartenblätter sind nicht vorhanden(INFO HrRiek120808)",
120084,Hoelzer;Hoevelmann;Bielefeldt,2006-06-27,200,-2,,lf-ss,p2,verfahlte Parabraunerde - Pseudogley,Hoelzer;Hoevelmann;Bielefeldt,2006-06-27,Hoelzer;Hoevelmann;Bielefeldt,2006-06-27,"GÜK 300 für BB, einzelne Kartenblätter sind nicht vorhanden(INFO HrRiek120808)",
120085,Hoelzer;Hoevelmann;Bielefeldt,2006-06-13,170,-2,,ss-bb,p2,gut erschließbare SS-BB im Untergrund kalkhaltig,Hoelzer;Hoevelmann;Bielefeldt,2006-06-13,Hoelzer;Hoevelmann;Bielefeldt,2006-06-13,"GÜK 300 für BB, einzelne Kartenblätter sind nicht vorhanden(INFO HrRiek120808)",
120086,Hoelzer;Hoevelmann;Bielefeldt,2006-07-12,205,-2,,bbn,p3,"Sandbraunerde (mäßig - stark) podsolig; Oberboden gestört: befahren, Schwarzwild",Hoelzer;Hoevelmann;Bielefeldt,2006-07-12,Hoelzer;Hoevelmann;Bielefeldt,2006-07-12,"GÜK 300 für BB, einzelne Kartenblätter sind nicht vorhanden(INFO HrRiek120808)",
120087,Hoelzer;Hoevelmann;Bielefeldt,2006-06-26,190,-2,,ss-lf,p2,Pseudogley Tieflehm-Fahlerde mit wurzelerreichbaren Mergel (p2); 170-190: wahrscheinlich C5 aber Salzsäure verschüttet;,Hoelzer;Hoevelmann;Bielefeldt,2006-06-26,Hoelzer;Hoevelmann;Bielefeldt,2006-06-26,"GÜK 300 für BB, einzelne Kartenblätter sind nicht vorhanden(INFO HrRiek120808)",
120088,Hoelzer;Hoevelmann;Bielefeldt,2006-06-27,200,-2,,bbn,p2,schwach podsolige (Grand-) Sandbraunerde; eventuell alte Streifenpflugbearbeitung,Hoelzer;Hoevelmann;Bielefeldt,2006-06-27,Hoelzer;Hoevelmann;Bielefeldt,2006-06-27,"GÜK 300 für BB, einzelne Kartenblätter sind nicht vorhanden(INFO HrRiek120808)",
120089,Hoelzer;Hoevelmann;Bielefeldt,2006-07-12,220,-2,,bbn,p2,"sehr podsolige Sandbraunerde (reliktisch) tiefvergleyt; streifengepflügt, Vollumbruch",Hoelzer;Hoevelmann;Bielefeldt,2006-07-12,Hoelzer;Hoevelmann;Bielefeldt,2006-07-12,"GÜK 300 für BB, einzelne Kartenblätter sind nicht vorhanden(INFO HrRiek120808)",
120090,Hoelzer;Hoevelmann;Bielefeldt,2006-07-05,175,-2,180,gg-bb,p2,"tiefvergleyte Sandbraunerde (in der Veg.- Periode); in Aushub Kalk- Konkretionen, kreideartig aber in keiner Profilwand wieder zu finden;",Hoelzer;Hoevelmann;Bielefeldt,2006-07-05,Hoelzer;Hoevelmann;Bielefeldt,2006-07-05,"GÜK 300 für BB, einzelne Kartenblätter sind nicht vorhanden(INFO HrRiek120808)",
120091,Hoelzer;Hoevelmann;Bielefeldt,2006-07-03,200,-2,,bb-rq,p2,"(Fein)Sandbraunerde, tiefvergleyt; streifengepflügt; bis 130 Eiskeile;",Hoelzer;Hoevelmann;Bielefeldt,2006-07-03,Hoelzer;Hoevelmann;Bielefeldt,2006-07-03,"GÜK 300 für BB, einzelne Kartenblätter sind nicht vorhanden(INFO HrRiek120808)","gestörte Profilwände: Probenahme: 10-80= vom Profileinstieg, 80-220= von Profilfront;"
120092,Hoelzer;Hoevelmann;Bielefeldt,2006-07-10,180,185,135,lf-bb,p1,verfahlte Gley(Acker)Braunerde; Staubsand; Vollumbruch,Hoelzer;Hoevelmann;Bielefeldt,2006-07-10,Hoelzer;Hoevelmann;Bielefeldt,2006-07-10,"GÜK 300 für BB, einzelne Kartenblätter sind nicht vorhanden(INFO HrRiek120808)",
120093,Hoelzer;Hoevelmann;Bielefeldt,2006-06-28,200,-2,,bbn,p2,podsolige Sandbraunerde; streifengepflügt;  im UBo wurzelerreichbarer saisonaler Hangwasserzug,Hoelzer;Hoevelmann;Bielefeldt,2006-06-28,Hoelzer;Hoevelmann;Bielefeldt,2006-06-28,"GÜK 300 für BB, einzelne Kartenblätter sind nicht vorhanden(INFO HrRiek120808)",Oberbodenstörungen durch Schwarzwild + Streifenpflug
120094,Hoelzer;Hoevelmann;Bielefeldt,2006-06-28,160,135,,yk-gg,p2,Kolluvium - Gley; GW bei 135 beim Aufgraben im Frühjahr; großflächige Wühlarbeit von Schwarzwild,Hoelzer;Hoevelmann;Bielefeldt,2006-06-28,Hoelzer;Hoevelmann;Bielefeldt,2006-06-28,"GÜK 300 für BB, einzelne Kartenblätter sind nicht vorhanden(INFO HrRiek120808)",
120095,Hoelzer;Hoevelmann;Bielefeldt,2006-10-30,195,-2,,bbn,p3,"Sandbraunerde (BBn,p3); streifengepflügt; stellenweise verdichtet",Hoelzer;Hoevelmann;Bielefeldt,2006-10-30,Hoelzer;Hoevelmann;Bielefeldt,2006-10-30,"GÜK 300 für BB, einzelne Kartenblätter sind nicht vorhanden(INFO HrRiek120808)",
120096,Hoelzer;Hoevelmann;Bielefeldt,2006-11-17,140,-2,,pp-bb,p1,"Zwerg - Podsol (PP-BB, ( BBn, p4)); streifengepflügt",Hoelzer;Hoevelmann;Bielefeldt,2006-11-17,Hoelzer;Hoevelmann;Bielefeldt,2006-11-17,"GÜK 300 für BB, einzelne Kartenblätter sind nicht vorhanden(INFO HrRiek120808)",
120097,Hoelzer;Hoevelmann;Bielefeldt,2006-06-11,135,140,120,yon,p1,"Gley - Hortisol (GG-YO); Regenwürmer; Problem: 0-30 ungestört, 30-60 schwach gestört, 60-114 stark gestört, evt. Erklärung: alter Entwässerungsgraben",Hoelzer;Hoevelmann;Bielefeldt,2006-07-11,Hoelzer;Hoevelmann;Bielefeldt,2006-07-11,"GÜK 300 für BB, einzelne Kartenblätter sind nicht vorhanden(INFO HrRiek120808)",
120098,Hoelzer;Hoevelmann;Bielefeldt,2006-07-10,150,70,35,ghn,p1,"Gley - Niedermoor, fängt an zu vererden",Hoelzer;Hoevelmann;Bielefeldt,2006-07-10,Hoelzer;Hoevelmann;Bielefeldt,2006-07-10,"GÜK 300 für BB, einzelne Kartenblätter sind nicht vorhanden(INFO HrRiek120808)","0-5 + 5-10: Bohrung=Muhrach-Bohrer 8cm Durchmesser; 10-20,20-30: C-Probe am Profil"
120099,Hoelzer;Hoevelmann;Bielefeldt,2006-06-29,200,-2,,ol-rq,p1,Lockersyroem - Regosol aus kalkfreien Schüttsanden mit Einschlüssen aus kalkhaltiger Mudde (bis ca. 6 dm u. GOF) über kalkhaltigen Kippsanden bis ca. 20 dm u. GOF über kalkfreien Kippsanden; alle Schüttungen aus natürlichen Ausgangssubstraten (Schmelzwass,Hoelzer;Hoevelmann;Bielefeldt,2006-06-29,Hoelzer;Hoevelmann;Bielefeldt,2006-06-29,"GÜK 300 für BB, einzelne Kartenblätter sind nicht vorhanden(INFO HrRiek120808)",
120100,Hoelzer;Hoevelmann;Bielefeldt,2006-07-04,195,-2,,bbn,p3,"(Grand) Sandbraunerde, mäßig bis stark podsolig; flache Bearbeitung",Hoelzer;Hoevelmann;Bielefeldt,2006-07-04,Hoelzer;Hoevelmann;Bielefeldt,2006-07-04,"GÜK 300 für BB, einzelne Kartenblätter sind nicht vorhanden(INFO HrRiek120808)",
120101,Hoelzer;Hoevelmann;Bielefeldt,2006-07-04,200,-2,,ss-lf,p2,verfahlte Bänderparabraunerde pseudovergleyt; gepflügt,Hoelzer;Hoevelmann;Bielefeldt,2006-07-04,Hoelzer;Hoevelmann;Bielefeldt,2006-07-04,"GÜK 300 für BB, einzelne Kartenblätter sind nicht vorhanden(INFO HrRiek120808)",
120102,Hoelzer;Hoevelmann;Bielefeldt,2006-07-25,200,-2,,gg-rq,p4,"tiefvergleyt Regosol - Podsol- Brauerde (GG-RQ-BB) bzw. Podsol Staubsandbraunerde, tiefvergleyt (RQ-PP-BB); streifengepflügt",Hoelzer;Hoevelmann;Bielefeldt,2006-07-25,Hoelzer;Hoevelmann;Bielefeldt,2006-07-25,"GÜK 300 für BB, einzelne Kartenblätter sind nicht vorhanden(INFO HrRiek120808)",
120103,Hoelzer;Hoevelmann;Bielefeldt,2006-07-11,180,-2,,pp-bb,p1,Podsol (Sand) Braunerde; streifengepflügt; Übererdung aus altem Profilaushub; altes Profil in Westwand,Hoelzer;Hoevelmann;Bielefeldt,2006-07-11,Hoelzer;Hoevelmann;Bielefeldt,2006-07-11,"GÜK 300 für BB, einzelne Kartenblätter sind nicht vorhanden(INFO HrRiek120808)",
120104,Hoelzer;Hoevelmann;Bielefeldt,2006-07-19,175,-2,,lld,p2,"schwach podsolige, (schwach) pseudovergleyte, (schwach) verfahlte, (Bänder) Parabraunerde, (fdLLd); streifengepflügt?",Hoelzer;Hoevelmann;Bielefeldt,2006-07-19,Hoelzer;Hoevelmann;Bielefeldt,2006-07-19,"GÜK 300 für BB, einzelne Kartenblätter sind nicht vorhanden(INFO HrRiek120808)",
120105,Hoelzer;Hoevelmann;Bielefeldt,2006-07-13,205,-2,200,bbn,p2,flächig befahren; im Frühjahr wahrscheinlich Grundwasser wurzelerreichbar,Hoelzer;Hoevelmann;Bielefeldt,2006-07-13,Hoelzer;Hoevelmann;Bielefeldt,2006-07-13,"GÜK 300 für BB, einzelne Kartenblätter sind nicht vorhanden(INFO HrRiek120808)",
120106,Hoelzer;Hoevelmann;Bielefeldt,2006-07-04,190,-2,,ss-lf,p1,pseudovergleyte Tieflehm Fahlerde mit schwachen Rest- Verbraunung. im OB über wurzelerreichbarem Mg/Lg,Hoelzer;Hoevelmann;Bielefeldt,2006-07-04,Hoelzer;Hoevelmann;Bielefeldt,2006-07-04,"GÜK 300 für BB, einzelne Kartenblätter sind nicht vorhanden(INFO HrRiek120808)","130-170=extrem hart, 55-130 sehr heterogen: keine Trennung; 170-190 = linke Profilwand"
120107,Hoelzer;Hoevelmann;Bielefeldt,2006-07-17,190,-2,,lld,p2,(s)LLd; an den Sat: stellenw. : p3-p4,Hoelzer;Hoevelmann;Bielefeldt,2006-07-17,Hoelzer;Hoevelmann;Bielefeldt,2006-07-17,"GÜK 300 für BB, einzelne Kartenblätter sind nicht vorhanden(INFO HrRiek120808)",
120108,Hoelzer;Hoevelmann;Bielefeldt,2006-06-29,160,-2,,yyn,p1,"(Grand) Sandbraunerde; Bändersandbraunerde mit Mergel in Knollen; Wiese, fast Freilage, homogener Ap, östliche Profilwand stark gestört (altes Profil), Mergelreste",Hoelzer;Hoevelmann;Bielefeldt,2006-06-29,Hoelzer;Hoevelmann;Bielefeldt,2006-06-29,"GÜK 300 für BB, einzelne Kartenblätter sind nicht vorhanden(INFO HrRiek120808)",
120109,Hoelzer;Hoevelmann;Bielefeldt,2006-07-05,180,-2,,bbn,p3,Sandbraunerde mäßig(schwach) podsolig; Ap(3-22) verdichtet (Verhärtungen aus Podsolierung möglich),Hoelzer;Hoevelmann;Bielefeldt,2006-07-05,Hoelzer;Hoevelmann;Bielefeldt,2006-07-05,"GÜK 300 für BB, einzelne Kartenblätter sind nicht vorhanden(INFO HrRiek120808)",
120110,Hoelzer;Hoevelmann;Bielefeldt,2006-07-06,220,-2,,bb-yu,p2,Braunerde Treposol; Vollumbruch; stark befahren; Saalezeitliche Stauchungskomplexe,Hoelzer;Hoevelmann;Bielefeldt,2006-07-06,Hoelzer;Hoevelmann;Bielefeldt,2006-07-06,"GÜK 300 für BB, einzelne Kartenblätter sind nicht vorhanden(INFO HrRiek120808)",
120111,Hoelzer;Hoevelmann;Bielefeldt,2006-07-06,200,-2,,bbn,p2,Acker- Sandbraunerde; im Oberboden (Ap-Bv deutlich schwere Verdichtung); Störung in Profilfront: 50-110,Hoelzer;Hoevelmann;Bielefeldt,2006-07-06,Hoelzer;Hoevelmann;Bielefeldt,2006-07-06,"GÜK 300 für BB, einzelne Kartenblätter sind nicht vorhanden(INFO HrRiek120808)",
120112,Hoelzer;Hoevelmann;Bielefeldt,2006-09-04,160,-2,,bbn,p4,"Sandbraunerde (BB, p4); streifengepflügt",Hoelzer;Hoevelmann;Bielefeldt,2006-09-04,Hoelzer;Hoevelmann;Bielefeldt,2006-09-04,"GÜK 300 für BB, einzelne Kartenblätter sind nicht vorhanden(INFO HrRiek120808)",
120113,Hoelzer;Hoevelmann;Bielefeldt,2006-07-19,170,-2,190,bbn,p2,Sandbraunerde,Hoelzer;Hoevelmann;Bielefeldt,2006-07-19,Hoelzer;Hoevelmann;Bielefeldt,2006-07-19,"GÜK 300 für BB, einzelne Kartenblätter sind nicht vorhanden(INFO HrRiek120808)",
120114,Hoelzer;Hoevelmann;Bielefeldt,2006-07-13,180,-2,,bbn,p3,streifengepflügt; befahren mit Harvester; p2-p3;,Hoelzer;Hoevelmann;Bielefeldt,2006-07-13,Hoelzer;Hoevelmann;Bielefeldt,2006-07-13,"GÜK 300 für BB, einzelne Kartenblätter sind nicht vorhanden(INFO HrRiek120808)",
120115,Hoelzer;Hoevelmann;Bielefeldt,2006-06-28,170,-2,,ss-lf,p3,"sehr dicht, pseudovergleyte Tieflehmfahlerde mit Restverbraunung, freier Kalk noch wurzelerreichbar ;streifengepflügt; Oberboden wirkt relativ humusfrei;  verlegtes Profil",Hoelzer;Hoevelmann;Bielefeldt,2006-06-28,Hoelzer;Hoevelmann;Bielefeldt,2006-06-28,"GÜK 300 für BB, einzelne Kartenblätter sind nicht vorhanden(INFO HrRiek120808)",
120116,Hoelzer;Hoevelmann;Bielefeldt,2006-07-24,190,-2,,bb-pp,p1,Sandbraunerde Podsol,Hoelzer;Hoevelmann;Bielefeldt,2006-07-24,Hoelzer;Hoevelmann;Bielefeldt,2006-07-24,"GÜK 300 für BB, einzelne Kartenblätter sind nicht vorhanden(INFO HrRiek120808)",
120117,Hoelzer;Hoevelmann;Bielefeldt,2006-07-26,140,145,150,gg-yu,p1,Tiefumbruchboden- Gley; Vollumbruch (nach1970) davor mit Planierraupe Stubben abgeschoben,Hoelzer;Hoevelmann;Bielefeldt,2006-07-26,Hoelzer;Hoevelmann;Bielefeldt,2006-07-26,"GÜK 300 für BB, einzelne Kartenblätter sind nicht vorhanden(INFO HrRiek120808)",
120118,Hoelzer;Hoevelmann;Eglin,2006-08-31,165,-2,,ppn,p1,"schwach ausgeprägter Podsol (Zwerg- Podsol), aus armen, glazi- fluviatilen Talsanden, bis 65cm periglazial überprägt (PP)",Hoelzer;Hoevelmann;Eglin,2006-08-31,Hoelzer;Hoevelmann;Eglin,2006-08-31,"GÜK 300 für BB, einzelne Kartenblätter sind nicht vorhanden(INFO HrRiek120808)",
120119,Hoelzer;Hoevelmann;Eglin,2006-08-31,100,90,70,gmn,p1,reliktischer Anmoor- Gley über Gley (GM) ; c4 nur Geschiebemergel,Hoelzer;Hoevelmann;Eglin,2006-08-31,Hoelzer;Hoevelmann;Eglin,2006-08-31,"GÜK 300 für BB, einzelne Kartenblätter sind nicht vorhanden(INFO HrRiek120808)",
120120,Hoelzer;Hoevelmann;Bielefeldt,2006-10-04,170,-2,,bb-lf,p2,"(bLF-LL, p2); Kieslinsen nicht beprobt",Hoelzer;Hoevelmann;Bielefeldt,2006-10-04,Hoelzer;Hoevelmann;Bielefeldt,2006-10-04,"GÜK 300 für BB, einzelne Kartenblätter sind nicht vorhanden(INFO HrRiek120808)",
120121,-9,1970-01-01,-9,-9,,-9,-9,,-9,1970-01-01,-9,1970-01-01,,
120122,Hoelzer;Hoevelmann;Eglin,2006-08-29,170,-2,,bb-rq,p2,"Locker- Sandbraunerde (BB, p3); streifengepflügt; Profilmorphologie kaum zu erkennen",Hoelzer;Hoevelmann;Eglin,2006-08-29,Hoelzer;Hoevelmann;Eglin,2006-08-29,"GÜK 300 für BB, einzelne Kartenblätter sind nicht vorhanden(INFO HrRiek120808)",
120123,Hoelzer;Hoevelmann;Eglin,2006-08-29,180,-2,,bb-rq,p2,"Sandbraunerde (BB,p2-p3); 10-28: Störung: kolluvial überflossen?, Auftrag?; streifengepflügt",Hoelzer;Hoevelmann;Eglin,2006-08-29,Hoelzer;Hoevelmann;Eglin,2006-08-29,"GÜK 300 für BB, einzelne Kartenblätter sind nicht vorhanden(INFO HrRiek120808)",
120124,Hoelzer;Hoevelmann;Bielefeldt,2006-07-24,190,-2,,lfd,p2,"schwach podsolige, schwach pseudovergleyte, verfahlte Bänderbraunerde, (s)LF-LD); streifengepflügt; OB deutlich gestört",Hoelzer;Hoevelmann;Bielefeldt,2006-07-24,Hoelzer;Hoevelmann;Bielefeldt,2006-07-24,"GÜK 300 für BB, einzelne Kartenblätter sind nicht vorhanden(INFO HrRiek120808)",
120125,Hoelzer;Hoevelmann;Bielefeldt,2006-07-26,200,-2,,bb-rq,p1,"Podsol Staubsandbraunerde, PP-BB-RQ bzw. b PP-RQ; OB verdichtet: ehem. Militär. Übungsgelände",Hoelzer;Hoevelmann;Bielefeldt,2006-07-26,Hoelzer;Hoevelmann;Bielefeldt,2006-07-26,"GÜK 300 für BB, einzelne Kartenblätter sind nicht vorhanden(INFO HrRiek120808)",
120126,-9,1970-01-01,-9,-9,,-9,-9,,-9,1970-01-01,-9,1970-01-01,,
120127,Hoelzer;Hoevelmann;Bielefeldt,2006-09-04,220,-2,,bbn,p3,"Braunerde- Treposol, (Locker) Sandbraunerde, umgebrochen mäßig podsolig; Truppenübungsplatz",Hoelzer;Hoevelmann;Bielefeldt,2006-09-04,Hoelzer;Hoevelmann;Bielefeldt,2006-09-04,"GÜK 300 für BB, einzelne Kartenblätter sind nicht vorhanden(INFO HrRiek120808)",
120128,Hoelzer;Hoevelmann;Bielefeldt,2006-07-20,200,-2,,bbn,p3,Sandbraunerde (BBn oder BB-RQ); wahrscheinlich streifengepflügt; OB durch Schwarzwild gestört,Hoelzer;Hoevelmann;Bielefeldt,2006-07-20,Hoelzer;Hoevelmann;Bielefeldt,2006-07-20,"GÜK 300 für BB, einzelne Kartenblätter sind nicht vorhanden(INFO HrRiek120808)",
120129,Hoelzer;Hoevelmann;Bielefeldt,2006-07-20,170,-2,,rq-bb,p2,"Regosol- Braunerde, tiefvergleyt; streifengepflügt; Profilfront z.T. übererdet",Hoelzer;Hoevelmann;Bielefeldt,2006-07-20,Hoelzer;Hoevelmann;Bielefeldt,2006-07-20,"GÜK 300 für BB, einzelne Kartenblätter sind nicht vorhanden(INFO HrRiek120808)",
120130,Hoelzer;Hoevelmann;Bielefeldt,2006-10-05,200,-2,,bbn,p4,"Sandbraunerde mit reliktischen Gley- Merkmalen (BBn,p4)",Hoelzer;Hoevelmann;Bielefeldt,2006-10-05,Hoelzer;Hoevelmann;Bielefeldt,2006-10-05,"GÜK 300 für BB, einzelne Kartenblätter sind nicht vorhanden(INFO HrRiek120808)",
120131,Hoelzer;Hoevelmann;Eglin,2006-08-28,200,-2,,bbn,p2,"Sandbraunerde, tiefpseudovergleyt, (s)BB; Vollumbruch, streifengepflügt",Hoelzer;Hoevelmann;Eglin,2006-08-28,Hoelzer;Hoevelmann;Eglin,2006-08-28,"GÜK 300 für BB, einzelne Kartenblätter sind nicht vorhanden(INFO HrRiek120808)",
120132,Hoelzer;Hoevelmann;Eglin,2006-08-28,65,65,10,kvn,p1,flaches Niedermoor im Übergang zu Erdniedermoor über Gley mit Restverbraunung (KV-HN/ bG`G`); ehemalige GW-Stand lag bei +25cm ü GOK,Hoelzer;Hoevelmann;Eglin,2006-08-28,Hoelzer;Hoevelmann;Eglin,2006-08-28,"GÜK 300 für BB, einzelne Kartenblätter sind nicht vorhanden(INFO HrRiek120808)",
120133,Hoelzer;Hoevelmann;Bielefeldt,2006-09-06,180,-2,,bbn,p2,"streifengepflügt; Sandbraunerde (BB,p2), wahrscheinlich reliktisch vergleyt",Hoelzer;Hoevelmann;Bielefeldt,2006-09-06,Hoelzer;Hoevelmann;Bielefeldt,2006-09-06,"GÜK 300 für BB, einzelne Kartenblätter sind nicht vorhanden(INFO HrRiek120808)",
120134,Hoelzer;Hoevelmann;Bielefeldt,2006-09-06,200,-2,,bbn,p2,"Sandbraunerde ((v)BB) nicht beackert sondern gepflügt, im tieferen Unterboden reliktisch vergleyt; Pflugsohlen = Verdichtung; streifengepflügt",Hoelzer;Hoevelmann;Bielefeldt,2006-09-06,Hoelzer;Hoevelmann;Bielefeldt,2006-09-06,"GÜK 300 für BB, einzelne Kartenblätter sind nicht vorhanden(INFO HrRiek120808)",
120135,Hoelzer;Hoevelmann;Bielefeldt,2006-09-07,190,-2,,bbn,p2,"Sandbraunerde (BB,p2)",Hoelzer;Hoevelmann;Bielefeldt,2006-09-07,Hoelzer;Hoevelmann;Bielefeldt,2006-09-07,"GÜK 300 für BB, einzelne Kartenblätter sind nicht vorhanden(INFO HrRiek120808)",
120136,Hoelzer;Hoevelmann;Bielefeldt,2006-09-05,195,-2,,lfn,p2,"Fahlerde ((d,b)LFn), Oberboden mit Restverbraunung, Unterboden schwache Bänderung; streifengepflügt",Hoelzer;Hoevelmann;Bielefeldt,2006-09-05,Hoelzer;Hoevelmann;Bielefeldt,2006-09-05,"GÜK 300 für BB, einzelne Kartenblätter sind nicht vorhanden(INFO HrRiek120808)",
120137,Hoelzer;Hoevelmann;Bielefeldt,2006-10-03,195,-2,200,ppn,p1,"tiefvergleyter Podsol aus Staubsand über fossilem Podsol aus Staubsand über Tal (?)Sanden (PP); Oberboden deutlich gestört: kein streifengepflügt erkennbar, möglich wäre ein sehr gleichmäßiger Auftrag (+0,65) mit Talsanden (Überflutung) später Bodenentwic",Hoelzer;Hoevelmann;Bielefeldt,2006-10-03,Hoelzer;Hoevelmann;Bielefeldt,2006-10-03,"GÜK 300 für BB, einzelne Kartenblätter sind nicht vorhanden(INFO HrRiek120808)",
120138,Hoelzer;Hoevelmann;Bielefeldt,2006-10-03,190,-2,,ppn,p1,Grandsandbraunerde über Podsol über Tieflehm (PPv); streifengepflügt,Hoelzer;Hoevelmann;Bielefeldt,2006-10-03,Hoelzer;Hoevelmann;Bielefeldt,2006-10-03,"GÜK 300 für BB, einzelne Kartenblätter sind nicht vorhanden(INFO HrRiek120808)",
120139,Hoelzer;Hoevelmann;Bielefeldt,2006-09-18,185,-2,,bb-lf,p1,"Acker- Fahlerde, Acker- Regosol (BB-LF); Vollumbruch; Profileinstieg geologisch anders als Profilfront",Hoelzer;Hoevelmann;Bielefeldt,2006-09-18,Hoelzer;Hoevelmann;Bielefeldt,2006-09-18,"GÜK 300 für BB, einzelne Kartenblätter sind nicht vorhanden(INFO HrRiek120808)",
120140,Hoelzer;Hoevelmann;Bielefeldt,2006-09-19,200,-2,,ppn,p1,Podsol (vPP); Vollumbruch,Hoelzer;Hoevelmann;Bielefeldt,2006-09-19,Hoelzer;Hoevelmann;Bielefeldt,2006-09-19,"GÜK 300 für BB, einzelne Kartenblätter sind nicht vorhanden(INFO HrRiek120808)",
120141,Hoelzer;Hoevelmann;Bielefeldt,2006-09-25,200,-2,,lfn,p2,"Fahlerde (LF,p2); streifengepflügt",Hoelzer;Hoevelmann;Bielefeldt,2006-09-25,Hoelzer;Hoevelmann;Bielefeldt,2006-09-25,"GÜK 300 für BB, einzelne Kartenblätter sind nicht vorhanden(INFO HrRiek120808)",
120142,Hoelzer;Hoevelmann;Bielefeldt,2006-09-26,180,-2,,bbn,p3,"Sandbraunerde (vBB,p3); gepflügt; verdichtet",Hoelzer;Hoevelmann;Bielefeldt,2006-09-26,Hoelzer;Hoevelmann;Bielefeldt,2006-09-26,"GÜK 300 für BB, einzelne Kartenblätter sind nicht vorhanden(INFO HrRiek120808)",
120143,Hoelzer;Hoevelmann;Bielefeldt,2006-09-26,200,-2,,bb-pp,p1,Zwerg- Podsol im Unterboden reliktisch vergleyt (BB-PP); Auswehungsmulde; keine Bodenbearbeitung,Hoelzer;Hoevelmann;Bielefeldt,2006-09-26,Hoelzer;Hoevelmann;Bielefeldt,2006-09-26,"GÜK 300 für BB, einzelne Kartenblätter sind nicht vorhanden(INFO HrRiek120808)",
120144,Hoelzer;Hoevelmann;Bielefeldt,2006-09-26,200,-2,,bbn,p2,"Sandbraunerde im Unterboden gebänderter Cv (BB,p2); gepflügt, verdichtet",Hoelzer;Hoevelmann;Bielefeldt,2006-09-26,Hoelzer;Hoevelmann;Bielefeldt,2006-09-26,"GÜK 300 für BB, einzelne Kartenblätter sind nicht vorhanden(INFO HrRiek120808)",
120145,Hoelzer;Hoevelmann;Bielefeldt,2006-09-28,200,-2,,lfn,p2,"Fahlerde (LF,p2); Oberboden flächig gestört: Lehm- Pingen oder Bombentrichter; Steinsohle aus Profil entfernt",Hoelzer;Hoevelmann;Bielefeldt,2006-09-28,Hoelzer;Hoevelmann;Bielefeldt,2006-09-28,"GÜK 300 für BB, einzelne Kartenblätter sind nicht vorhanden(INFO HrRiek120808)",
120146,Hoelzer;Hoevelmann;Bielefeldt,2006-10-02,195,-2,,lfn,p2,"pseudovergleyte Tieflehm- Fahlerde (LF_LL, s,p2); streifengepflügt",Hoelzer;Hoevelmann;Bielefeldt,2006-10-02,Hoelzer;Hoevelmann;Bielefeldt,2006-10-02,"GÜK 300 für BB, einzelne Kartenblätter sind nicht vorhanden(INFO HrRiek120808)",
120147,Hoelzer;Hoevelmann;Bielefeldt,2006-09-21,200,-2,,bbn,p2,"Grandsandbraunerde (BB); Störung in der Profilwand: alte Grabung/ Plastik; (kiesig, grobsandige) Schmelzwassersande Elsterzeitlich mit Beckenabsätzen (Lt2?) in Knollen und Bändern",Hoelzer;Hoevelmann;Bielefeldt,2006-09-21,Hoelzer;Hoevelmann;Bielefeldt,2006-09-21,"GÜK 300 für BB, einzelne Kartenblätter sind nicht vorhanden(INFO HrRiek120808)",
120148,Hoelzer;Hoevelmann;Bielefeldt,2006-09-12,200,-2,,oln,p1,"Klipp- und Aufschüttungboden, verbraunender Lockersyrosem aus Klipplehmen im Unterboden schwach pseudovergleyt; !!!völlig gestörte Profilsituation!!!",Hoelzer;Hoevelmann;Bielefeldt,2006-09-12,Hoelzer;Hoevelmann;Bielefeldt,2006-09-12,"GÜK 300 für BB, einzelne Kartenblätter sind nicht vorhanden(INFO HrRiek120808)",
120149,Hoelzer;Hoevelmann;Bielefeldt,2006-09-12,180,180,160,pp-bb,p1,podsolierte Sandbraunerde tiefvergleyt; streifengepflügt,Hoelzer;Hoevelmann;Bielefeldt,2006-09-12,Hoelzer;Hoevelmann;Bielefeldt,2006-09-12,"GÜK 300 für BB, einzelne Kartenblätter sind nicht vorhanden(INFO HrRiek120808)",
120150,Hoelzer;Hoevelmann;Bielefeldt,2006-09-11,170,180,150,gg-pp,p1,??Auftragsboden/ reliktischer Anmoor/ Gley- Podsol/ Gley-Humuspodsol (GG-PP)?; starke Oberbodenstörung: ehem. Abbaugebiet,Hoelzer;Hoevelmann;Bielefeldt,2006-09-11,Hoelzer;Hoevelmann;Bielefeldt,2006-09-11,"GÜK 300 für BB, einzelne Kartenblätter sind nicht vorhanden(INFO HrRiek120808)",streifengepflügt; Braunkohletageabbau: sehr stark gestört
120151,Hoelzer;Hoevelmann;Bielefeldt,2006-09-14,155,-2,,ss-lf,p3,"tiefvergleyte Pseudogley- Fahlerde (gSS-LF, p3); streifengepflügt",Hoelzer;Hoevelmann;Bielefeldt,2006-09-14,Hoelzer;Hoevelmann;Bielefeldt,2006-09-14,"GÜK 300 für BB, einzelne Kartenblätter sind nicht vorhanden(INFO HrRiek120808)",
120152,-9,1970-01-01,-9,-9,,-9,-9,,-9,1970-01-01,-9,1970-01-01,,
120153,Hoelzer;Hoevelmann;Bielefeldt,2006-09-20,200,-2,,ol-rq,p1,Lockersyrosem- Regosol (OL-RQ) aus gekippten Kiessanden über gekippten Sanden mit hellem Ton über gekippten Sanden; Aufschüttboden,Hoelzer;Hoevelmann;Bielefeldt,2006-09-20,Hoelzer;Hoevelmann;Bielefeldt,2006-09-20,"GÜK 300 für BB, einzelne Kartenblätter sind nicht vorhanden(INFO HrRiek120808)",Kombination der Beprobunggrenzen nach Substratwechsel der Schüttung und Tiefenstufen
120154,Hoelzer;Hoevelmann;Bielefeldt,2006-09-13,170,-2,,gmn,p1,"reliktischer Anmoor bis Stagnogley, entwässertes Erdniedermoor- Stagnogley, (rGM) Oberboden gepflügt und zu Streifen zusammengeschoben",Hoelzer;Hoevelmann;Bielefeldt,2006-09-13,Hoelzer;Hoevelmann;Bielefeldt,2006-09-13,"GÜK 300 für BB, einzelne Kartenblätter sind nicht vorhanden(INFO HrRiek120808)","Horizonttiefen / TS von Position auf Damm entschieden, starke Störung bis 45cm"
120155,Hoelzer;Hoevelmann;Bielefeldt,2006-09-14,170,-2,,bbn,p2,"kultotrophe Acker-, Grandsandbraunerde (ku BB,p2) für Hortisol zu geringmächtig vor allem kein deutlich erhöhter Humusgehalt; Vollumbruch",Hoelzer;Hoevelmann;Bielefeldt,2006-09-14,Hoelzer;Hoevelmann;Bielefeldt,2006-09-14,"GÜK 300 für BB, einzelne Kartenblätter sind nicht vorhanden(INFO HrRiek120808)",
120156,Hoelzer;Hoevelmann;Bielefeldt,2006-09-25,200,210,,ppn,p1,Podsol (PP) tiefvergleyt; Bodenverdichtung: Harvester,Hoelzer;Hoevelmann;Bielefeldt,2006-09-25,Hoelzer;Hoevelmann;Bielefeldt,2006-09-25,"GÜK 300 für BB, einzelne Kartenblätter sind nicht vorhanden(INFO HrRiek120808)",
120157,Hoelzer;Hoevelmann;Bielefeldt,2006-11-28,205,-2,,bbn,p3,"Sandbraunerde im Unterboden reliktisch vergleyt (BBn, p3); streifengepflügt",Hoelzer;Hoevelmann;Bielefeldt,2006-11-28,Hoelzer;Hoevelmann;Bielefeldt,2006-11-28,"GÜK 300 für BB, einzelne Kartenblätter sind nicht vorhanden(INFO HrRiek120808)",
120158,-9,1970-01-01,-9,-9,,-9,-9,,-9,1970-01-01,-9,1970-01-01,,
120159,Hoelzer;Hoevelmann;Bielefeldt,2006-11-29,80,80,50,gg,p1,pseudovergleyter Erdniedermoor- Gley bzw Erdniedermoor- Stagnogley (s KV-GG (KV-SG)),Hoelzer;Hoevelmann;Bielefeldt,2006-11-29,Hoelzer;Hoevelmann;Bielefeldt,2006-11-29,"GÜK 300 für BB, einzelne Kartenblätter sind nicht vorhanden(INFO HrRiek120808)",
120160,Hoelzer;Hoevelmann;Bielefeldt,2006-11-22,185,-2,,bbn,p3,"reliktisch vergleyte Sandbraunerde (BBn, p3); streifengepflügt",Hoelzer;Hoevelmann;Bielefeldt,2006-11-22,Hoelzer;Hoevelmann;Bielefeldt,2006-11-22,"GÜK 300 für BB, einzelne Kartenblätter sind nicht vorhanden(INFO HrRiek120808)",
120161,Hoelzer;Hoevelmann;Bielefeldt,2006-09-05,175,-2,,bbn,p4,"streifengepflügte, fahlerdeartige, (reliktisch pseudo-) vergleyte, podsolierte/ stark podsolige Grundsandbraunerde (mit Flugsandüberdeckung); Farbe: lfd.Nr.3: auch 7,5YR 5/8",Hoelzer;Hoevelmann;Bielefeldt,2006-09-05,Hoelzer;Hoevelmann;Bielefeldt,2006-09-05,"GÜK 300 für BB, einzelne Kartenblätter sind nicht vorhanden(INFO HrRiek120808)",
120162,-9,1970-01-01,-9,-9,,-9,-9,,-9,1970-01-01,-9,1970-01-01,,
120163,Hoelzer;Hoevelmann;Bielefeldt,2006-11-20,160,-2,,bbn,p2,"(BBn, p2); Vollumbruch",Hoelzer;Hoevelmann;Bielefeldt,2006-11-20,Hoelzer;Hoevelmann;Bielefeldt,2006-11-20,"GÜK 300 für BB, einzelne Kartenblätter sind nicht vorhanden(INFO HrRiek120808)",
120164,Hoelzer;Hoevelmann;Bielefeldt,2006-11-02,110,100,80,ggn,p1,"(GGn); Profil gestört: abgeschoben, Vollumbruch",Hoelzer;Hoevelmann;Bielefeldt,2006-11-02,Hoelzer;Hoevelmann;Bielefeldt,2006-11-02,"GÜK 300 für BB, einzelne Kartenblätter sind nicht vorhanden(INFO HrRiek120808)",
120165,Hoelzer;Hoevelmann;Bielefeldt,2006-09-13,170,-2,,bbn,p3,"mäßig podsolige Sandbraunerde im Unterboden gebändert (BB,p3); streifengepflügt",Hoelzer;Hoevelmann;Bielefeldt,2006-09-13,Hoelzer;Hoevelmann;Bielefeldt,2006-09-13,"GÜK 300 für BB, einzelne Kartenblätter sind nicht vorhanden(INFO HrRiek120808)",
120166,-9,1970-01-01,-9,-9,,-9,-9,,-9,1970-01-01,-9,1970-01-01,,
120167,Hoelzer;Hoevelmann;Bielefeldt,2006-09-07,200,-2,,yu,p2,"Ackerbraunerde im U-Boden reliktisch, vergleyt und schwach pseudovergleyt; Vollumbruch; mehrfachgepflügt; homogenisiert",Hoelzer;Hoevelmann;Bielefeldt,2006-09-07,Hoelzer;Hoevelmann;Bielefeldt,2006-09-07,"GÜK 300 für BB, einzelne Kartenblätter sind nicht vorhanden(INFO HrRiek120808)",
120168,Hoelzer;Hoevelmann;Bielefeldt,2006-11-02,120,-2,,ol-rz,p1,"Pelosol- Pararenzina- Lockersyrosem oder pelosolartiger Pararenzina- Lockersyrosem aus z.T. sandigen carbonathaltigen Kippentonn (Schlämme, Kiesabbau) über carbonathaltigen Kippensanden/Kiesen (DD-RZ-OL)",Hoelzer;Hoevelmann;Bielefeldt,2006-11-02,Hoelzer;Hoevelmann;Bielefeldt,2006-11-02,"GÜK 300 für BB, einzelne Kartenblätter sind nicht vorhanden(INFO HrRiek120808)",
120169,Hoelzer;Hoevelmann;Bielefeldt,2006-09-19,205,-2,,bbn,p2,Sandbraunerde im tieferen Unterboden kalkhaltig; Farbe:75-140 auch 10YR7/3;Kalk: 140-190:stellenweise C2; streifengepflügt ; stark schrägeinfallende Schichtung; Horizontierung Profilfront (links) U-grenze; übererdet,Hoelzer;Hoevelmann;Bielefeldt,2006-09-19,Hoelzer;Hoevelmann;Bielefeldt,2006-09-19,"GÜK 300 für BB, einzelne Kartenblätter sind nicht vorhanden(INFO HrRiek120808)",
120170,Hoelzer;Hoevelmann;Eglin,2006-08-30,175,-2,,bbn,p3,Sandbraunerde; Oberboden deutlich gestört; zu MBHG: lfd. Nr.6: Lg(931) zerschwemmt Sl3,Hoelzer;Hoevelmann;Eglin,2006-08-30,Hoelzer;Hoevelmann;Eglin,2006-08-30,"GÜK 300 für BB, einzelne Kartenblätter sind nicht vorhanden(INFO HrRiek120808)",
120181,Hoelzer;Hoevelmann;Bielefeldt,2006-10-12,115,-2,,ppn,p1,( vPP) reliktisch vergleyt???; gepflügt,Hoelzer;Hoevelmann;Bielefeldt,2006-10-12,Hoelzer;Hoevelmann;Bielefeldt,2006-10-12,"GÜK 300 für BB, einzelne Kartenblätter sind nicht vorhanden(INFO HrRiek120808)",
120182,Hoelzer;Hoevelmann;Bielefeldt,2006-10-26,140,-2,,bbn,p4,"Sandbraunerde (BBn,p4)",Hoelzer;Hoevelmann;Bielefeldt,2006-10-26,Hoelzer;Hoevelmann;Bielefeldt,2006-10-26,"GÜK 300 für BB, einzelne Kartenblätter sind nicht vorhanden(INFO HrRiek120808)",
120183,Hoelzer;Hoevelmann;Bielefeldt,2006-10-24,110,-2,,ppn,p1,Podsol aus Staub und Flugsanden (PPn),Hoelzer;Hoevelmann;Bielefeldt,2006-10-24,Hoelzer;Hoevelmann;Bielefeldt,2006-10-24,"GÜK 300 für BB, einzelne Kartenblätter sind nicht vorhanden(INFO HrRiek120808)",
120184,Hoelzer;Hoevelmann;Bielefeldt,2006-11-20,100,-2,,bbn,p3,"Sandbraunerde (BB, p3); geringmächtiger Ahe",Hoelzer;Hoevelmann;Bielefeldt,2006-11-20,Hoelzer;Hoevelmann;Bielefeldt,2006-11-20,"GÜK 300 für BB, einzelne Kartenblätter sind nicht vorhanden(INFO HrRiek120808)",
120185,Hoelzer;Hoevelmann;Bielefeldt,2006-11-07,125,-2,,pp-bb,p1,Zwerg- Podsol-Sandbraunerde (reliktisch vergleyt) (PP-BB),Hoelzer;Hoevelmann;Bielefeldt,2006-11-07,Hoelzer;Hoevelmann;Bielefeldt,2006-11-07,"GÜK 300 für BB, einzelne Kartenblätter sind nicht vorhanden(INFO HrRiek120808)",
120186,Hoelzer;Hoevelmann;Bielefeldt,2006-11-16,110,-2,,bbn,p3,"Sandbraunerde (BBn,p3)",Hoelzer;Hoevelmann;Bielefeldt,2006-11-16,Hoelzer;Hoevelmann;Bielefeldt,2006-11-16,"GÜK 300 für BB, einzelne Kartenblätter sind nicht vorhanden(INFO HrRiek120808)",
120187,Hoelzer;Hoevelmann;Bielefeldt,2006-10-25,95,-2,,bbn,p2,"Braunerde( BBn,p2)",Hoelzer;Hoevelmann;Bielefeldt,2006-10-25,Hoelzer;Hoevelmann;Bielefeldt,2006-10-25,"GÜK 300 für BB, einzelne Kartenblätter sind nicht vorhanden(INFO HrRiek120808)",
120188,Hoelzer;Hoevelmann;Bielefeldt,2006-11-14,85,-2,,lf-bb,p3,"schwach pseudovergleyte Fahlerde-Braunerde (  LF-BB, p3); >80 zu hart und steinig um tiefer zu graben; OB erscheint gestört",Hoelzer;Hoevelmann;Bielefeldt,2006-11-14,Hoelzer;Hoevelmann;Bielefeldt,2006-11-14,"GÜK 300 für BB, einzelne Kartenblätter sind nicht vorhanden(INFO HrRiek120808)",
